00026,2026-09-18,200,2026-04-15
00026,2026-08-16,100,2026-04-16
00027,2026-09-17,100,2026-04-15
00004,None,69,2026-04-16
00011,2026-04-30,30,2026-04-15
00023,2026-04-25,35,2026-04-15
00017,2026-04-15,12,2026-04-15
00018,2026-04-16,10,2026-04-15
00016,2026-12-01,25,2026-04-15
00007,2027-04-01,111,2026-04-15
00008,2027-01-15,200,2026-04-15
00021,2027-04-01,24,2026-04-15
00009,2026-04-20,6,2026-04-15
00010,2026-04-22,60,2026-04-15
00024,2026-04-19,40,2026-04-15
00006,2026-05-10,75,2026-04-15
00020,2026-05-15,48,2026-04-15
00012,2026-04-17,20,2026-04-15
00025,2026-04-18,15,2026-04-15
00002,2026-04-18,96,2026-04-15
00002,2026-04-25,200,2026-04-15
00013,2026-04-25,50,2026-04-15
00014,2027-03-20,300,2026-04-15
00015,2027-10-15,40,2026-04-15
00022,2027-09-01,100,2026-04-15
00019,2026-06-05,55,2026-04-15
00003,None,30,2026-04-16
00005,2026-08-20,150,2026-04-15
00001,2026-04-18,76,2026-04-15
00001,2026-04-19,100,2026-04-16
